{"cameraMode":{"drawMode":0,"name":"Shaded","section":"Shading Mode"},"sceneLighting":true,"audioPlay":false,"sceneViewState":{"showFog":false,"showMaterialUpdate":true,"showSkybox":true,"showFlares":true,"showImageEffects":true,"showParticleSystems":true},"in2DMode":false,"pivot":{"x":15.408740997314454,"y":-6.31407356262207,"z":44.78843307495117},"rotation":{"x":-0.24658158421516419,"y":0.7389408349990845,"z":-0.35042282938957217,"w":-0.519987940788269},"size":16.281126022338868,"orthographic":false}